{
    "channel_ids": [
        55,
        56,
        54,
        57,
        53,
        58,
        52,
        59,
        51,
        60,
        50,
        61,
        49,
        48,
        63,
        47,
        32,
        46,
        33,
        45,
        34,
        44,
        35,
        43,
        42,
        37,
        41,
        38,
        40,
        39
    ],
    "sampling_frequency": 20000.0,
    "num_channels": 30,
    "num_samples": [
        36000000
    ],
    "is_filtered": true,
    "properties": {
        "gain_to_uV": [
            0.195,
            0.195,
            0.195,
            0.195,
            0.195,
            0.195,
            0.195,
            0.195,
            0.195,
            0.195,
            0.195,
            0.195,
            0.195,
            0.195,
            0.195,
            0.195,
            0.195,
            0.195,
            0.195,
            0.195,
            0.195,
            0.195,
            0.195,
            0.195,
            0.195,
            0.195,
            0.195,
            0.195,
            0.195,
            0.195
        ],
        "offset_to_uV": [
            0,
            0,
            0,
            0,
            0,
            0,
            0,
            0,
            0,
            0,
            0,
            0,
            0,
            0,
            0,
            0,
            0,
            0,
            0,
            0,
            0,
            0,
            0,
            0,
            0,
            0,
            0,
            0,
            0,
            0
        ],
        "location": [
            [
                37.75,
                732.0
            ],
            [
                0.0,
                698.0
            ],
            [
                36.5322580699999,
                678.0
            ],
            [
                1.2177419399999962,
                645.0
            ],
            [
                35.3145161299999,
                625.0
            ],
            [
                2.4354838700000982,
                593.0
            ],
            [
                34.0967741999998,
                573.0
            ],
            [
                3.6532258100000945,
                542.0
            ],
            [
                32.8790322599998,
                522.0
            ],
            [
                4.8709677400001965,
                491.0
            ],
            [
                31.661290330000156,
                472.0
            ],
            [
                6.088709680000193,
                442.0
            ],
            [
                30.44354839000016,
                422.0
            ],
            [
                29.225806450000164,
                374.0
            ],
            [
                8.524193550999826,
                346.0
            ],
            [
                28.008064519000072,
                326.0
            ],
            [
                9.741935486999864,
                299.0
            ],
            [
                26.790322584000023,
                280.0
            ],
            [
                10.959677421999913,
                253.0
            ],
            [
                25.572580647999985,
                234.0
            ],
            [
                12.177419357999952,
                209.0
            ],
            [
                24.354838712999936,
                189.0
            ],
            [
                13.395161293000001,
                165.0
            ],
            [
                23.137096776999897,
                145.0
            ],
            [
                21.919354841999848,
                102.0
            ],
            [
                15.830645164000089,
                80.22594789
            ],
            [
                20.70161290599981,
                60.72594789
            ],
            [
                17.048387100000127,
                39.56206844
            ],
            [
                19.483870971000215,
                20.06206844
            ],
            [
                18.266129035000176,
                0.0
            ]
        ],
        "group": [
            0,
            0,
            0,
            0,
            0,
            0,
            0,
            0,
            0,
            0,
            0,
            0,
            0,
            0,
            0,
            0,
            0,
            0,
            0,
            0,
            0,
            0,
            0,
            0,
            0,
            0,
            0,
            0,
            0,
            0
        ],
        "noise_level_mad_scaled": [
            5.471765041351318,
            7.599352836608887,
            6.001433372497559,
            8.69169807434082,
            7.869159698486328,
            10.510489463806152,
            9.005857467651367,
            11.065533638000488,
            10.3577299118042,
            9.92061710357666,
            9.307249069213867,
            10.844339370727539,
            10.520269393920898,
            8.646432876586914,
            10.391244888305664,
            8.925540924072266,
            10.762142181396484,
            11.264123916625977,
            10.314958572387695,
            9.725528717041016,
            12.216729164123535,
            11.24669361114502,
            11.285481452941895,
            11.412375450134277,
            12.228666305541992,
            10.793551445007324,
            11.526028633117676,
            10.817459106445312,
            10.858619689941406,
            12.399560928344727
        ]
    },
    "dtype": "float32"
}