{"num_spikes": 0.003541199956089258, "firing_rate": 0.0007549000438302755, "presence_ratio": 0.010390800191089511, "snr": 0.062125599943101406, "isi_violation": 0.0020039998926222324, "rp_violation": 0.16864840011112392, "sliding_rp_violation": 0.031238599913194776, "synchrony": 0.015189200174063444, "firing_range": 0.005487299989908934, "amplitude_cv": 0.03485799999907613, "amplitude_cutoff": 0.007344100158661604, "noise_cutoff": 0.008488200139254332, "amplitude_median": 0.001636900007724762, "drift": 0.009818800026550889, "sd_ratio": 1.8235132000409067, "mahalanobis": 0.058497900143265724, "d_prime": 0.17728079995140433, "nearest_neighbor": 2.5545930999796838, "silhouette": 0.02129369997419417}